{
  "overall": 100,
  "stages": {
    "stage1": 100,
    "stage2": 100,
    "stage3": 100,
    "stage4": 100,
    "stage5": 100,
    "stage6": 100,
    "stage7": 100
  },
  "current_stage": "stage7",
  "last_updated": "2025-01-27T21:30:00Z",
  "status": "專案 100% 完成，生產環境就緒",
  "notes": "已實作完整的核心功能模組、管理員後台、測試套件、效能優化、安全性強化、監控系統和使用者接受度測試。專案包含完整的文檔、部署配置、CI/CD 流程和生產環境檢查清單。專案已達到 100% 完成狀態，可立即投入生產環境使用。所有最終文檔和檢查清單已完成。"
}