{
  "overall": 95,
  "stages": {
    "stage0": 100,
    "stage1": 100,
    "stage2": 100,
    "stage3": 100,
    "stage4": 100,
    "stage5": 0,
    "stage6": 0,
    "stage7": 0,
    "stage8": 0
  },
  "updatedAt": "2025-09-15T06:15:00Z",
  "audit_status": "completed",
  "early_stop_retracted": true,
  "area": "MiniGame",
  "scope": "Admin 後台管理功能",
  "modules": {
    "User_Wallet": {
      "status": "completed",
      "progress": 100,
      "controllers": ["AdminWalletController", "AdminWalletTypesController"],
      "views": ["Index", "Details", "CouponTypes"],
      "features": ["Read-first查詢", "型別表CRUD", "錢包管理", "券類管理"]
    },
    "UserSignInStats": {
      "status": "completed", 
      "progress": 100,
      "controllers": ["AdminSignInStatsController"],
      "views": ["Index", "Statistics"],
      "features": ["Read-first查詢", "簽到統計", "歷史記錄"]
    },
    "Pet": {
      "status": "completed",
      "progress": 100,
      "controllers": ["AdminPetController"],
      "views": ["Index", "Details"],
      "features": ["Read-first查詢", "狀態調整Stub", "統計分析", "五維屬性視覺化"]
    },
    "MiniGame": {
      "status": "completed",
      "progress": 100,
      "controllers": ["AdminMiniGameController"],
      "views": ["Index", "Statistics"],
      "features": ["Read-first查詢", "設定管理Stub", "資料清理Stub", "統計報表"]
    }
  },
  "compliance": {
    "area_boundary": true,
    "sb_admin_style": true,
    "read_first_principle": true,
    "crud_limitation": true,
    "stub_approach": true,
    "zh_tw_language": true,
    "no_placeholders": true
  },
  "health_check": {
    "endpoint": "/MiniGame/Health/Database",
    "status_endpoint": "/MiniGame/Health/Status",
    "last_check": "2025-09-15T06:02:00Z"
  },
  "next_priorities": [
    "完成剩餘 Views 實作",
    "增強圖表互動功能", 
    "實作匯出功能",
    "完善 Stub 功能為完整實作"
  ]
}